{"initial_reset_timestamp": 1730603503.9298778, "timestamps": [1730603503.9593732, 1730603503.977485, 1730603504.0044162, 1730603504.062578, 1730603504.0843494, 1730603504.0983014, 1730603504.114418, 1730603504.130954, 1730603504.2328937, 1730603504.351056, 1730603504.4290054, 1730603504.5156403, 1730603504.6120925, 1730603504.6979616, 1730603504.7856383, 1730603505.0790052, 1730603505.2026827, 1730603505.3968132, 1730603505.507659, 1730603505.6656833, 1730603505.8644836, 1730603506.0354044, 1730603506.1855714, 1730603506.3519187, 1730603506.4691908, 1730603506.6908786, 1730603506.7828069, 1730603506.9140503, 1730603507.144317, 1730603507.2882452, 1730603507.4193828, 1730603507.5080936, 1730603507.730393, 1730603507.9711745, 1730603508.0821707, 1730603508.2024078, 1730603508.3959394, 1730603508.5045664, 1730603508.6098557, 1730603508.747783, 1730603508.9060771, 1730603509.090666, 1730603509.1883721, 1730603509.3796492, 1730603509.5901244, 1730603509.8879623, 1730603509.9998405, 1730603510.223471, 1730603510.4218943, 1730603510.5675461, 1730603510.7356281, 1730603510.8302248, 1730603510.9423883, 1730603511.1091645, 1730603511.3159955, 1730603511.4490757, 1730603511.6252396, 1730603511.876299, 1730603511.9598444, 1730603512.0692554, 1730603512.1693628, 1730603512.391651, 1730603512.5579443, 1730603512.731522, 1730603512.8772964, 1730603513.1668863, 1730603513.3123791, 1730603513.8509164, 1730603514.0564568, 1730603514.369793, 1730603514.60456, 1730603514.735735], "episode_lengths": [133, 95, 123, 218, 110, 74, 85, 84, 161, 128, 85, 94, 106, 95, 96, 284, 106, 195, 119, 168, 206, 179, 151, 170, 126, 226, 98, 140, 230, 151, 140, 96, 220, 234, 113, 113, 190, 111, 110, 143, 162, 186, 103, 194, 206, 274, 118, 215, 192, 151, 173, 102, 114, 165, 192, 135, 180, 241, 89, 115, 99, 209, 167, 176, 148, 263, 148, 437, 196, 270, 219, 135], "episode_rewards": [-182.78606502143762, -391.98701640574427, -197.3505682968057, -206.02820067317558, -268.8942868387136, -82.07471840813285, -189.72766716191103, -109.12022764449317, -230.42091439538535, -190.25559599618046, -308.2159720740252, -408.13922969213417, -387.5586456152742, -185.91455166325866, -211.8576619041006, -287.82127513506373, -90.60551965596176, -129.4764052655225, -154.31090005016537, -308.4412486946419, -211.66288307892555, -329.1868639895953, -177.9521128287551, -375.7632375140459, -225.82660520074734, -77.85263309887925, -269.39529848397444, 116.26816761525905, -328.1857437774888, 61.34301540967381, -519.7299455689649, -24.697823554474525, -333.80257714170335, -379.20207546488365, -113.62640434313366, -156.27829684462637, -324.6661872478041, -289.12204411152845, -104.77145655251333, -91.77939729686196, -115.87431615183692, -257.40807856976403, -152.6986033579136, -278.6793681204354, -364.0095860350881, -97.69097017854848, -197.18724395313055, -211.69324080151756, -47.44505368261837, -115.08971025226313, -136.6727391304082, -91.16424600941245, -54.058600384171534, -102.01970277283827, -184.8179610935339, -109.9343818076511, -506.7479558027247, -196.72477513682378, -134.54451477436504, 167.31686572693536, -37.146593190759226, -126.19663975284321, -173.45271941235035, -328.0644675649436, -151.50148869364043, 212.2113301724018, -107.26524473143209, 186.8296993001208, -350.75551239903746, 169.60826407125938, -320.57006411191753, -339.8512610491484], "episode_types": ["t", "t", "t", "t", "t", "t", "t", "t", "t", "t", "t", "t", "t", "t", "t", "t", "t", "t", "t", "t", "t", "t", "t", "t", "t", "t", "t", "t", "t", "t", "t", "t", "t", "t", "t", "t", "t", "t", "t", "t", "t", "t", "t", "t", "t", "t", "t", "t", "t", "t", "t", "t", "t", "t", "t", "t", "t", "t", "t", "t", "t", "t", "t", "t", "t", "t", "t", "t", "t", "t", "t", "t", "t"]}